{
  "model": "xgb",
  "cv_accuracy": 0.6066794220970495,
  "accuracy": 0.6217175301632364,
  "precision": 0.36754507628294036,
  "recall": 0.7748538011695907,
  "f1": 0.49858889934148637,
  "roc_auc": 0.6950418454759203
}